o,p,c,counts.all_mostly_true_rep (s=0.5),counts.all_mostly_true_rep (s=0.25),counts.all_mostly_true_rep (s=0.0),counts.all_totally_true_rep (s=0.5),counts.all_totally_true_rep (s=0.25),counts.all_totally_true_rep (s=0.0),counts.inspecting_s0 (s=0.5),counts.inspecting_s0 (s=0.25),counts.inspecting_s0 (s=0.0),counts.inspecting_s1 (s=0.5),counts.inspecting_s1 (s=0.25),counts.inspecting_s1 (s=0.0),counts.self_deception_s0 (s=0.5),counts.self_deception_s0 (s=0.25),counts.self_deception_s0 (s=0.0),counts.self_deception_s1 (s=0.5),counts.self_deception_s1 (s=0.25),counts.self_deception_s1 (s=0.0),counts.conscious_deception_s1 (s=0.5),counts.conscious_deception_s1 (s=0.25),counts.conscious_deception_s1 (s=0.0),counts.conscious_deception_s1_a3_correct (s=0.5),counts.conscious_deception_s1_a3_correct (s=0.25),counts.conscious_deception_s1_a3_correct (s=0.0),counts.conscious_deception_s1_a3_correct_self (s=0.5),counts.conscious_deception_s1_a3_correct_self (s=0.25),counts.conscious_deception_s1_a3_correct_self (s=0.0),counts.whole_deception_s1 (s=0.5),counts.whole_deception_s1 (s=0.25),counts.whole_deception_s1 (s=0.0),counts.whole_deception_s1_a3 (s=0.5),counts.whole_deception_s1_a3 (s=0.25),counts.whole_deception_s1_a3 (s=0.0),counts.whole_deception_s1_fromConscious (s=0.5),counts.whole_deception_s1_fromConscious (s=0.25),counts.whole_deception_s1_fromConscious (s=0.0),counts.whole_deception_s1_fromSelf (s=0.5),counts.whole_deception_s1_fromSelf (s=0.25),counts.whole_deception_s1_fromSelf (s=0.0),counts.whole_deception_s1_fromBoth (s=0.5),counts.whole_deception_s1_fromBoth (s=0.25),counts.whole_deception_s1_fromBoth (s=0.0),counts.whole_deception_s1_fromNeither (s=0.5),counts.whole_deception_s1_fromNeither (s=0.25),counts.whole_deception_s1_fromNeither (s=0.0)
1.0,1.0,0.6,316,,,163,,,42,,,197,,,333,,,473,,,752,,,64,,,3,,,823,,,210,,,539,,,79,,,393,,,89,,
1.0,1.0,0.5,309,,,146,,,206,,,343,,,303,,,477,,,739,,,148,,,4,,,793,,,285,,,551,,,74,,,396,,,83,,
1.0,1.0,0.4,343,106,18,92,1,0,490,401,1000,574,326,168,322,387,832,551,736,831,774,743,759,322,199,97,12,7,1,815,817,830,446,244,118,560,375,108,97,67,53,460,626,738,101,92,85
1.0,1.0,0.3,327,74,19,35,0,0,737,683,1000,770,628,510,355,378,811,611,693,811,816,805,752,469,351,206,16,8,6,852,866,819,549,398,253,523,471,181,101,81,77,530,617,701,96,101,90
1.0,1.0,0.2,353,56,11,7,0,0,841,813,1000,860,825,714,306,359,751,635,666,750,879,888,820,644,529,355,11,10,6,904,924,879,683,574,412,507,538,284,161,105,91,584,618,697,94,70,88
1.0,1.0,0.1,375,31,5,5,0,0,896,895,1000,909,899,846,276,277,637,607,519,636,931,920,868,772,679,559,17,8,8,947,945,920,814,712,603,508,680,455,192,109,104,630,492,597,95,77,96
1.0,1.0,0.0,381,20,4,0,0,0,929,918,1000,930,922,872,242,222,530,581,448,529,936,910,910,847,756,681,19,5,6,954,949,949,871,800,709,492,701,574,182,95,85,647,436,511,85,96,82
1.0,0.9,0.6,289,,,152,,,23,,,149,,,306,,,458,,,762,,,50,,,3,,,816,,,190,,,569,,,79,,,395,,,78,,
1.0,0.9,0.5,284,,,133,,,125,,,315,,,330,,,499,,,740,,,152,,,5,,,802,,,274,,,523,,,91,,,420,,,87,,
1.0,0.9,0.4,306,112,32,112,0,0,364,321,1000,474,277,125,331,381,815,538,741,815,768,728,724,255,191,75,17,5,4,813,799,815,393,228,106,580,365,87,91,81,64,465,619,710,93,87,102
1.0,0.9,0.3,353,90,14,65,0,0,668,595,1000,701,559,404,436,403,831,634,722,830,804,804,773,432,332,186,16,16,9,844,864,842,540,388,225,514,430,147,114,80,60,556,652,740,101,92,82
1.0,0.9,0.2,354,60,13,17,0,0,800,748,1000,818,743,686,429,386,794,620,681,794,872,810,803,569,439,337,10,10,6,903,857,859,644,488,387,568,487,251,148,106,100,567,601,717,111,91,80
1.0,0.9,0.1,338,35,3,10,0,0,866,853,1000,887,860,815,512,335,716,645,617,716,891,877,845,705,590,464,16,8,6,915,913,896,758,627,508,501,594,370,173,117,98,619,582,662,88,98,85
1.0,0.9,0.0,201,20,4,61,0,0,565,890,1000,829,900,870,460,347,565,586,535,565,833,915,871,577,734,620,87,10,4,884,941,919,791,764,667,535,678,514,168,111,84,539,509,533,110,73,91
1.0,0.8,0.6,263,,,129,,,11,,,102,,,334,,,466,,,758,,,34,,,1,,,817,,,130,,,536,,,101,,,409,,,81,,
1.0,0.8,0.5,275,,,125,,,80,,,250,,,315,,,504,,,740,,,94,,,8,,,802,,,228,,,524,,,87,,,414,,,86,,
1.0,0.8,0.4,288,113,31,131,1,0,292,236,1000,408,236,103,331,407,817,507,735,817,784,726,746,218,178,85,16,16,6,831,796,825,374,214,106,572,356,65,76,94,63,443,630,733,94,97,90
1.0,0.8,0.3,337,98,21,94,0,0,564,480,1000,640,449,325,375,423,822,573,743,822,804,761,757,387,295,185,20,8,8,848,836,819,530,350,237,564,376,125,101,82,84,492,653,725,107,107,81
1.0,0.8,0.2,338,55,13,37,0,0,754,687,1000,791,674,593,449,383,822,648,696,822,847,813,779,537,427,302,23,11,15,881,871,844,644,491,355,553,461,199,150,98,86,589,636,727,99,105,88
1.0,0.8,0.1,349,48,10,21,0,0,840,817,1000,868,824,741,487,392,779,663,648,779,889,847,828,683,554,410,32,24,15,917,900,894,758,611,468,520,538,290,181,105,103,636,598,724,121,101,94
1.0,0.8,0.0,360,31,7,4,0,0,890,872,1000,908,882,826,485,388,643,631,576,643,911,893,856,755,694,581,23,15,8,939,926,894,804,729,612,515,602,436,171,126,94,629,547,605,113,81,79
1.0,0.7,0.6,229,,,115,,,4,,,46,,,334,,,476,,,764,,,19,,,1,,,839,,,98,,,560,,,89,,,417,,,97,,
1.0,0.7,0.5,274,,,123,,,57,,,220,,,315,,,501,,,776,,,107,,,4,,,826,,,244,,,570,,,85,,,426,,,77,,
1.0,0.7,0.4,281,104,,126,2,,180,158,,350,163,,330,367,,489,743,,743,720,,174,156,,11,8,,795,809,,326,189,,551,356,,94,75,,411,633,,80,120,
1.0,0.7,0.3,286,102,,103,0,,439,404,,563,347,,352,400,,547,746,,793,737,,319,247,,20,12,,851,816,,483,309,,565,361,,122,85,,482,655,,103,101,
1.0,0.7,0.2,327,105,,72,0,,666,604,,730,624,,395,424,,591,741,,796,778,,455,412,,27,13,,854,841,,591,470,,541,405,,129,110,,513,656,,128,95,
1.0,0.7,0.1,319,55,,26,0,,781,764,,818,775,,453,412,,628,687,,850,815,,587,525,,38,20,,891,877,,675,591,,545,472,,143,110,,581,620,,116,120,
1.0,0.7,0.0,297,42,,6,0,,865,843,,893,861,,491,445,,633,677,,914,874,,738,682,,35,21,,943,926,,805,730,,571,541,,166,141,,623,636,,127,107,
1.0,0.6,0.6,223,,,110,,,3,,,20,,,324,,,478,,,756,,,10,,,0,,,826,,,51,,,554,,,126,,,419,,,100,,
1.0,0.6,0.5,246,,,127,,,18,,,155,,,334,,,492,,,758,,,72,,,7,,,824,,,187,,,528,,,100,,,432,,,82,,
1.0,0.6,0.4,240,121,,122,2,,110,125,,289,128,,337,388,,490,756,,784,730,,134,133,,7,12,,849,798,,294,161,,573,363,,108,79,,430,643,,88,95,
1.0,0.6,0.3,264,99,,115,0,,311,323,,475,312,,338,430,,481,756,,773,753,,248,257,,14,23,,840,829,,448,321,,564,333,,113,99,,420,664,,115,101,
1.0,0.6,0.2,275,88,,89,0,,554,543,,661,547,,383,435,,544,735,,793,755,,385,382,,18,20,,853,846,,573,464,,559,366,,103,107,,483,646,,120,128,
1.0,0.6,0.1,320,88,,63,0,,735,688,,821,705,,453,467,,616,769,,851,825,,568,527,,45,31,,883,875,,699,586,,565,393,,143,129,,569,700,,112,87,
1.0,0.6,0.0,307,49,,27,0,,816,774,,854,812,,474,426,,634,697,,883,836,,650,616,,49,28,,909,895,,742,673,,572,486,,168,141,,599,636,,120,115,
1.0,0.5,0.6,217,,,108,,,1,,,11,,,327,,,484,,,766,,,4,,,1,,,825,,,33,,,540,,,93,,,426,,,85,,
1.0,0.5,0.5,218,,,116,,,12,,,91,,,341,,,483,,,762,,,41,,,2,,,834,,,141,,,552,,,112,,,423,,,89,,
1.0,0.5,0.4,250,116,,126,5,,67,95,,256,111,,318,382,,470,744,,762,708,,124,120,,9,10,,848,805,,288,147,,561,352,,126,81,,406,640,,110,120,
1.0,0.5,0.3,269,119,,119,2,,225,280,,429,270,,355,414,,520,756,,806,724,,232,258,,28,13,,847,817,,430,324,,570,326,,117,95,,467,649,,82,111,
1.0,0.5,0.2,258,93,,76,2,,451,415,,588,476,,380,418,,563,729,,813,738,,391,359,,35,25,,865,832,,578,443,,573,362,,141,103,,509,645,,113,136,
1.0,0.5,0.1,274,96,,65,0,,622,624,,749,664,,420,466,,586,775,,836,800,,504,503,,55,34,,888,861,,682,573,,537,375,,142,131,,545,707,,114,99,
1.0,0.5,0.0,286,67,,48,0,,763,743,,827,800,,442,476,,608,736,,858,828,,596,635,,58,47,,903,872,,743,688,,546,412,,168,139,,573,671,,111,100,
1.0,0.4,0.6,191,,,94,,,1,,,4,,,341,,,477,,,755,,,2,,,0,,,819,,,9,,,532,,,108,,,413,,,77,,
1.0,0.4,0.5,175,,,91,,,2,,,43,,,311,,,469,,,767,,,19,,,2,,,839,,,69,,,565,,,103,,,418,,,89,,
1.0,0.4,0.4,194,132,,90,5,,45,55,,173,87,,356,403,,489,750,,771,731,,88,105,,10,10,,853,822,,211,136,,530,331,,106,89,,445,658,,107,106,
1.0,0.4,0.3,219,118,,103,3,,152,177,,329,196,,350,425,,486,740,,779,711,,192,204,,17,20,,844,803,,387,268,,557,295,,118,91,,434,641,,96,116,
1.0,0.4,0.2,244,104,,101,1,,310,354,,547,405,,356,429,,512,751,,792,740,,325,366,,30,39,,848,824,,539,447,,563,339,,138,99,,456,652,,99,110,
1.0,0.4,0.1,223,93,,80,1,,542,573,,694,631,,386,472,,534,741,,814,738,,444,493,,46,43,,876,825,,665,578,,566,314,,152,124,,480,649,,124,113,
1.0,0.4,0.0,121,77,,57,0,,430,662,,866,777,,429,455,,548,748,,828,799,,565,640,,78,54,,879,881,,842,730,,549,394,,166,150,,509,683,,96,144,
1.0,0.3,0.6,177,,,75,,,1,,,1,,,314,,,462,,,759,,,0,,,0,,,830,,,2,,,574,,,114,,,390,,,95,,
1.0,0.3,0.5,181,,,93,,,2,,,24,,,331,,,475,,,758,,,11,,,2,,,833,,,53,,,549,,,125,,,421,,,116,,
1.0,0.3,0.4,212,138,,99,6,,25,38,,111,50,,351,391,,500,754,,767,692,,63,75,,13,14,,829,788,,176,99,,548,312,,134,90,,444,636,,80,109,
1.0,0.3,0.3,207,115,,96,3,,70,122,,283,184,,349,413,,476,752,,774,711,,175,196,,24,27,,858,798,,359,253,,549,327,,121,100,,426,639,,117,110,
1.0,0.3,0.2,189,99,,86,4,,222,276,,447,372,,353,403,,480,745,,799,742,,291,352,,38,50,,860,846,,510,454,,582,337,,118,118,,438,677,,92,136,
1.0,0.3,0.1,199,114,,80,0,,423,486,,659,593,,362,463,,521,758,,791,755,,423,532,,45,52,,851,834,,664,613,,547,323,,139,103,,462,683,,114,113,
1.0,0.3,0.0,214,99,,85,2,,582,624,,823,789,,413,491,,532,776,,836,802,,562,666,,69,72,,899,865,,805,748,,568,349,,165,147,,491,709,,111,103,
1.0,0.2,0.6,164,,,81,,,0,,,0,,,335,,,472,,,775,,,0,,,0,,,855,,,1,,,558,,,129,,,423,,,107,,
1.0,0.2,0.5,161,,,76,,,1,,,4,,,342,,,462,,,777,,,5,,,0,,,857,,,11,,,569,,,131,,,429,,,108,,
1.0,0.2,0.4,160,107,,77,11,,13,26,,62,20,,348,365,,489,720,,773,703,,44,43,,4,8,,840,799,,124,65,,548,324,,132,83,,434,628,,87,116,
1.0,0.2,0.3,174,120,,85,5,,58,85,,187,130,,356,412,,499,753,,770,734,,135,155,,26,32,,843,831,,295,202,,539,329,,119,117,,447,670,,97,123,
1.0,0.2,0.2,156,109,,67,3,,147,219,,402,297,,338,412,,503,738,,784,709,,315,318,,41,52,,860,783,,506,401,,541,304,,112,114,,458,643,,107,95,
1.0,0.2,0.1,185,108,,79,5,,292,391,,640,589,,391,439,,555,758,,833,759,,471,544,,59,75,,868,828,,692,637,,574,327,,154,132,,519,683,,90,112,
1.0,0.2,0.0,198,117,,60,1,,521,582,,838,792,,427,449,,572,758,,822,759,,580,639,,87,98,,886,838,,819,758,,543,318,,190,164,,535,679,,120,116,
1.0,0.1,0.6,140,,,71,,,0,,,0,,,343,,,477,,,744,,,0,,,0,,,813,,,0,,,534,,,116,,,412,,,96,,
1.0,0.1,0.5,127,,,56,,,1,,,1,,,373,,,515,,,781,,,2,,,1,,,850,,,7,,,542,,,139,,,450,,,98,,
1.0,0.1,0.4,149,101,,77,5,,9,19,,32,13,,342,389,,487,753,,788,722,,25,27,,6,7,,850,820,,67,42,,563,328,,122,95,,440,656,,81,115,
1.0,0.1,0.3,145,106,,62,10,,33,65,,129,101,,373,412,,495,729,,780,685,,137,124,,32,29,,849,791,,257,173,,540,308,,127,99,,445,621,,90,119,
1.0,0.1,0.2,140,89,,53,3,,109,178,,364,290,,380,432,,532,760,,796,711,,334,317,,44,56,,854,794,,522,425,,552,296,,131,111,,476,654,,83,101,
1.0,0.1,0.1,143,111,,58,5,,282,359,,623,603,,397,453,,558,750,,804,723,,484,521,,70,71,,861,828,,714,670,,521,303,,148,131,,512,654,,89,131,
1.0,0.1,0.0,157,121,,59,10,,433,560,,849,818,,426,486,,566,754,,826,754,,593,638,,87,85,,882,847,,840,795,,532,319,,168,160,,519,675,,93,121,
0.9,1.0,0.4,778,,,387,,,761,,,886,,,299,,,533,,,854,,,424,,,3,,,877,,,774,,,658,,,97,,,487,,,101,,
0.9,1.0,0.3,719,,,187,,,906,,,941,,,359,,,716,,,908,,,649,,,6,,,915,,,838,,,614,,,147,,,681,,,129,,
0.9,1.0,0.2,730,,,117,,,972,,,978,,,318,,,729,,,942,,,786,,,7,,,951,,,905,,,561,,,168,,,762,,,122,,
0.9,1.0,0.1,715,,,52,,,980,,,983,,,280,,,689,,,972,,,899,,,6,,,977,,,955,,,491,,,185,,,839,,,98,,
0.9,1.0,0.0,718,,,41,,,989,,,992,,,213,,,548,,,977,,,919,,,5,,,982,,,968,,,465,,,137,,,849,,,84,,
0.9,0.9,0.4,743,,,393,,,645,,,836,,,336,,,504,,,824,,,346,,,8,,,849,,,720,,,645,,,88,,,444,,,81,,
0.9,0.9,0.3,747,,,278,,,888,,,930,,,434,,,641,,,880,,,552,,,7,,,892,,,818,,,651,,,120,,,590,,,106,,
0.9,0.9,0.2,730,,,145,,,957,,,966,,,509,,,748,,,927,,,733,,,9,,,946,,,893,,,606,,,161,,,737,,,124,,
0.9,0.9,0.1,725,,,80,,,981,,,985,,,555,,,741,,,960,,,839,,,12,,,968,,,928,,,542,,,157,,,807,,,112,,
0.9,0.9,0.0,750,,,58,,,990,,,993,,,546,,,636,,,983,,,903,,,3,,,986,,,969,,,487,,,141,,,839,,,84,,
0.9,0.8,0.4,735,,,440,,,549,,,796,,,285,,,444,,,822,,,287,,,10,,,847,,,704,,,647,,,60,,,385,,,60,,
0.9,0.8,0.3,757,,,327,,,835,,,913,,,399,,,574,,,880,,,494,,,11,,,902,,,829,,,660,,,94,,,537,,,116,,
0.9,0.8,0.2,704,,,200,,,915,,,952,,,493,,,673,,,903,,,643,,,15,,,927,,,869,,,625,,,128,,,640,,,115,,
0.9,0.8,0.1,713,,,131,,,975,,,983,,,522,,,738,,,958,,,786,,,11,,,963,,,924,,,603,,,161,,,760,,,103,,
0.9,0.8,0.0,728,,,81,,,987,,,991,,,569,,,708,,,973,,,866,,,10,,,982,,,962,,,521,,,151,,,829,,,78,,
0.9,0.7,0.4,723,,,433,,,413,,,760,,,305,,,450,,,827,,,272,,,8,,,856,,,708,,,643,,,71,,,395,,,62,,
0.9,0.7,0.3,753,,,401,,,727,,,881,,,346,,,502,,,849,,,388,,,16,,,877,,,789,,,672,,,85,,,450,,,90,,
0.9,0.7,0.2,756,,,310,,,891,,,942,,,402,,,589,,,898,,,532,,,14,,,920,,,862,,,684,,,113,,,556,,,109,,
0.9,0.7,0.1,739,,,196,,,956,,,981,,,492,,,691,,,951,,,703,,,12,,,963,,,921,,,633,,,162,,,687,,,110,,
0.9,0.7,0.0,730,,,127,,,978,,,988,,,559,,,723,,,956,,,802,,,16,,,963,,,944,,,564,,,147,,,756,,,91,,
0.9,0.6,0.4,722,,,439,,,275,,,716,,,281,,,427,,,823,,,231,,,8,,,868,,,692,,,670,,,81,,,364,,,71,,
0.9,0.6,0.3,739,,,421,,,612,,,860,,,343,,,482,,,866,,,357,,,13,,,889,,,799,,,683,,,89,,,437,,,60,,
0.9,0.6,0.2,714,,,386,,,833,,,914,,,384,,,501,,,869,,,430,,,15,,,906,,,841,,,672,,,108,,,466,,,92,,
0.9,0.6,0.1,709,,,270,,,913,,,972,,,477,,,617,,,924,,,595,,,21,,,946,,,907,,,643,,,123,,,590,,,100,,
0.9,0.6,0.0,759,,,196,,,961,,,982,,,533,,,715,,,944,,,705,,,15,,,956,,,928,,,625,,,137,,,703,,,102,,
0.9,0.5,0.4,696,,,433,,,165,,,641,,,250,,,414,,,835,,,210,,,7,,,873,,,655,,,686,,,75,,,377,,,62,,
0.9,0.5,0.3,707,,,399,,,447,,,793,,,312,,,465,,,848,,,322,,,14,,,876,,,741,,,670,,,76,,,415,,,59,,
0.9,0.5,0.2,733,,,398,,,724,,,903,,,352,,,497,,,872,,,395,,,17,,,904,,,845,,,682,,,91,,,460,,,95,,
0.9,0.5,0.1,721,,,347,,,883,,,954,,,426,,,543,,,911,,,488,,,19,,,938,,,896,,,687,,,106,,,507,,,85,,
0.9,0.5,0.0,738,,,272,,,942,,,979,,,492,,,636,,,931,,,614,,,34,,,945,,,921,,,675,,,127,,,611,,,93,,
0.9,0.4,0.4,676,,,409,,,79,,,488,,,272,,,429,,,820,,,161,,,5,,,864,,,564,,,652,,,81,,,388,,,68,,
0.9,0.4,0.3,732,,,447,,,310,,,760,,,304,,,442,,,827,,,260,,,15,,,854,,,726,,,641,,,85,,,386,,,54,,
0.9,0.4,0.2,696,,,416,,,585,,,871,,,335,,,457,,,863,,,340,,,16,,,889,,,815,,,685,,,100,,,407,,,76,,
0.9,0.4,0.1,732,,,367,,,809,,,936,,,402,,,514,,,896,,,443,,,23,,,923,,,886,,,681,,,120,,,482,,,86,,
0.9,0.4,0.0,720,,,309,,,917,,,965,,,442,,,583,,,922,,,549,,,26,,,942,,,917,,,688,,,125,,,558,,,91,,
0.9,0.3,0.4,654,,,386,,,33,,,306,,,290,,,456,,,849,,,110,,,6,,,882,,,458,,,659,,,97,,,414,,,42,,
0.9,0.3,0.3,707,,,412,,,171,,,632,,,310,,,426,,,854,,,235,,,12,,,884,,,699,,,665,,,112,,,404,,,58,,
0.9,0.3,0.2,667,,,390,,,406,,,811,,,315,,,456,,,846,,,318,,,19,,,891,,,795,,,673,,,94,,,414,,,73,,
0.9,0.3,0.1,709,,,391,,,654,,,920,,,348,,,497,,,875,,,394,,,28,,,909,,,871,,,689,,,122,,,457,,,67,,
0.9,0.3,0.0,702,,,383,,,840,,,966,,,366,,,499,,,900,,,445,,,26,,,925,,,907,,,699,,,114,,,466,,,61,,
0.9,0.2,0.4,640,,,388,,,13,,,145,,,295,,,447,,,829,,,64,,,6,,,869,,,285,,,665,,,90,,,389,,,43,,
0.9,0.2,0.3,649,,,396,,,61,,,472,,,274,,,428,,,861,,,198,,,14,,,891,,,612,,,683,,,105,,,399,,,47,,
0.9,0.2,0.2,671,,,405,,,247,,,743,,,293,,,429,,,881,,,293,,,15,,,912,,,795,,,702,,,100,,,416,,,63,,
0.9,0.2,0.1,675,,,372,,,481,,,900,,,354,,,492,,,881,,,393,,,24,,,913,,,878,,,699,,,121,,,455,,,86,,
0.9,0.2,0.0,697,,,380,,,700,,,968,,,393,,,509,,,922,,,430,,,37,,,943,,,931,,,716,,,131,,,481,,,70,,
0.9,0.1,0.4,581,,,345,,,4,,,39,,,315,,,448,,,840,,,35,,,4,,,895,,,116,,,654,,,116,,,410,,,56,,
0.75,1.0,0.6,992,,,919,,,267,,,906,,,48,,,77,,,914,,,54,,,0,,,916,,,894,,,900,,,7,,,70,,,7,,
0.75,1.0,0.5,991,,,905,,,694,,,989,,,64,,,93,,,958,,,74,,,0,,,960,,,952,,,941,,,8,,,85,,,18,,
0.75,1.0,0.4,994,952,836,870,139,0,949,963,1000,998,991,962,75,385,979,129,857,979,974,958,917,123,833,894,0,1,1,975,959,925,975,958,904,951,543,188,8,182,237,124,834,911,28,143,57
0.75,1.0,0.3,995,886,598,845,31,0,997,994,1000,1000,998,994,59,436,975,144,966,973,993,982,949,152,952,946,0,0,2,994,984,959,994,984,957,967,263,101,18,262,259,151,952,938,25,100,39
0.75,1.0,0.2,990,752,333,780,5,0,999,999,1000,1000,1000,998,54,412,972,172,978,972,998,994,972,216,990,971,1,0,3,998,995,980,994,995,979,953,113,94,20,227,223,219,987,955,20,41,29
0.75,1.0,0.1,988,554,158,740,1,0,999,998,1000,1000,1000,998,39,378,939,158,953,938,1000,997,986,259,997,984,0,0,0,1000,998,990,1000,998,989,952,71,164,19,183,179,257,990,934,6,21,18
0.75,1.0,0.0,986,408,73,710,0,0,1000,999,1000,1000,1000,1000,34,292,883,107,904,882,999,999,998,289,998,998,1,0,2,1000,999,998,1000,999,998,939,48,325,14,124,117,289,992,882,9,14,20
0.75,0.9,0.6,996,,,938,,,172,,,825,,,40,,,59,,,932,,,36,,,0,,,932,,,885,,,923,,,2,,,59,,,3,,
0.75,0.9,0.5,993,,,920,,,529,,,988,,,59,,,76,,,952,,,60,,,0,,,953,,,947,,,940,,,4,,,70,,,9,,
0.75,0.9,0.4,984,984,881,929,305,3,1,912,1000,8,991,955,40,424,981,57,692,981,957,946,894,0,668,868,0,1,0,959,947,904,30,945,883,951,686,248,10,94,195,64,670,891,3,134,61
0.75,0.9,0.3,992,938,722,882,78,2,988,988,1000,998,999,987,93,704,981,114,919,981,989,975,924,109,899,917,0,1,0,989,979,928,985,979,923,963,419,130,16,203,253,115,899,915,18,133,34
0.75,0.9,0.2,992,890,445,820,13,0,1000,999,1000,1000,1000,999,137,818,975,164,974,975,998,992,958,178,978,958,1,1,1,998,993,967,998,993,967,967,174,73,23,221,260,178,978,945,14,62,27
0.75,0.9,0.1,989,788,,777,2,,999,1000,,1000,1000,,149,840,,163,966,,1000,999,,221,997,,0,0,,1000,999,,998,999,,964,105,,14,193,,222,996,,10,35,
0.75,0.9,0.0,992,643,,740,0,,1000,999,,1000,1000,,164,809,,150,901,,1000,998,,258,998,,0,0,,1000,998,,1000,998,,951,45,,9,126,,259,996,,11,12,
0.75,0.8,0.6,989,,,917,,,86,,,609,,,48,,,77,,,936,,,34,,,0,,,938,,,794,,,933,,,4,,,74,,,6,,
0.75,0.8,0.5,996,,,936,,,404,,,978,,,38,,,59,,,958,,,51,,,0,,,958,,,948,,,949,,,2,,,60,,,11,,
0.75,0.8,0.4,994,981,,913,501,,762,837,,994,979,,72,298,,85,493,,963,953,,72,462,,0,0,,964,956,,961,945,,951,824,,12,57,,81,472,,15,83,
0.75,0.8,0.3,990,976,,897,150,,952,980,,997,997,,85,583,,102,846,,986,964,,97,819,,2,0,,986,965,,984,963,,966,578,,17,160,,101,822,,13,150,
0.75,0.8,0.2,995,948,,875,48,,997,998,,999,1000,,112,734,,119,946,,995,990,,122,940,,0,0,,996,990,,995,989,,964,348,,17,186,,123,943,,15,98,
0.75,0.8,0.1,995,899,,838,15,,999,999,,1000,1000,,126,792,,134,961,,997,996,,161,981,,0,0,,997,997,,996,997,,970,166,,16,183,,162,978,,9,40,
0.75,0.8,0.0,993,836,,807,6,,1000,1000,,1000,1000,,137,792,,125,911,,999,999,,193,993,,0,0,,999,999,,999,999,,965,100,,12,156,,193,992,,7,29,
0.75,0.7,0.6,991,,,938,,,27,,,431,,,35,,,57,,,930,,,14,,,0,,,930,,,665,,,924,,,3,,,54,,,3,,
0.75,0.7,0.5,991,,,917,,,231,,,931,,,52,,,76,,,947,,,61,,,0,,,948,,,925,,,936,,,2,,,75,,,6,,
0.75,0.7,0.4,990,986,,929,658,,628,690,,996,983,,60,188,,68,340,,962,951,,58,312,,0,1,,963,952,,962,943,,951,911,,8,27,,64,324,,10,61,
0.75,0.7,0.3,995,980,,915,372,,906,941,,997,994,,63,379,,83,621,,984,976,,74,611,,0,1,,984,978,,983,976,,977,804,,14,82,,79,614,,21,133,
0.75,0.7,0.2,995,979,,884,139,,990,992,,1000,1000,,102,613,,114,859,,996,983,,112,849,,1,2,,997,985,,997,985,,971,554,,22,166,,114,850,,22,102,
0.75,0.7,0.1,993,951,,872,55,,997,998,,1000,1000,,107,741,,116,921,,997,991,,121,935,,0,0,,998,992,,996,992,,975,343,,14,200,,126,934,,14,77,
0.75,0.7,0.0,997,974,,848,873,,999,215,,1000,852,,118,68,,130,116,,1000,967,,151,96,,0,6,,1000,973,,1000,927,,981,955,,11,17,,152,114,,15,13,
0.75,0.6,0.6,993,,,946,,,14,,,217,,,32,,,47,,,955,,,8,,,0,,,955,,,455,,,950,,,3,,,47,,,0,,
0.75,0.6,0.5,992,,,931,,,140,,,848,,,40,,,66,,,961,,,38,,,0,,,961,,,909,,,953,,,4,,,62,,,2,,
0.75,0.6,0.4,990,984,,940,727,,465,507,,979,955,,39,133,,55,265,,952,944,,47,241,,0,0,,954,945,,943,935,,947,923,,5,14,,54,253,,11,43,
0.75,0.6,0.3,991,989,,926,569,,793,831,,995,990,,58,257,,71,427,,982,962,,61,409,,1,2,,982,963,,979,961,,972,905,,9,33,,69,412,,11,76,
0.75,0.6,0.2,996,980,,915,318,,956,962,,999,998,,73,438,,83,680,,985,977,,78,663,,0,2,,985,980,,984,979,,973,766,,14,97,,80,667,,15,110,
0.75,0.6,0.1,992,980,,915,154,,995,995,,1000,1000,,71,613,,84,839,,995,991,,82,838,,0,0,,995,992,,995,992,,985,571,,9,149,,82,837,,14,104,
0.75,0.6,0.0,989,968,,895,67,,999,1000,,1000,999,,86,723,,94,897,,998,998,,104,931,,0,1,,999,999,,999,999,,982,406,,16,152,,101,931,,11,68,
0.75,0.5,0.6,991,,,921,,,5,,,85,,,49,,,70,,,949,,,3,,,0,,,949,,,204,,,943,,,5,,,72,,,0,,
0.75,0.5,0.5,989,,,914,,,75,,,620,,,68,,,82,,,953,,,33,,,0,,,953,,,793,,,935,,,10,,,79,,,3,,
0.75,0.5,0.4,992,982,,936,779,,280,335,,957,889,,43,98,,63,211,,961,941,,49,176,,0,0,,963,944,,948,909,,951,924,,5,11,,60,202,,5,24,
0.75,0.5,0.3,996,983,,936,716,,589,667,,998,979,,46,165,,63,279,,980,953,,55,256,,0,2,,981,957,,980,948,,977,925,,8,11,,59,264,,10,58,
0.75,0.5,0.2,995,984,,936,564,,873,902,,999,997,,56,265,,64,432,,989,976,,58,417,,2,1,,990,979,,989,977,,982,909,,9,38,,62,421,,10,75,
0.75,0.5,0.1,993,983,,908,391,,969,981,,999,1000,,79,417,,88,606,,985,982,,80,594,,1,1,,987,985,,986,985,,972,812,,10,80,,86,595,,26,86,
0.75,0.5,0.0,998,984,,912,211,,998,998,,1000,1000,,83,579,,85,779,,999,990,,87,781,,0,3,,999,990,,999,990,,986,661,,11,121,,88,780,,10,75,
0.75,0.4,0.6,991,,,926,,,0,,,30,,,41,,,64,,,940,,,2,,,0,,,941,,,91,,,930,,,4,,,64,,,2,,
0.75,0.4,0.5,989,,,913,,,14,,,300,,,55,,,78,,,944,,,22,,,0,,,944,,,544,,,935,,,4,,,80,,,2,,
0.75,0.4,0.4,991,987,,927,795,,128,192,,847,751,,48,90,,61,200,,961,940,,49,131,,1,1,,962,943,,924,856,,951,921,,7,12,,64,182,,2,14,
0.75,0.4,0.3,993,983,,942,775,,391,477,,977,953,,45,114,,58,217,,964,949,,45,188,,0,1,,966,953,,955,934,,958,926,,6,12,,55,207,,6,36,
0.75,0.4,0.2,991,989,,923,735,,691,766,,998,995,,63,176,,74,263,,974,967,,67,245,,0,3,,975,970,,974,970,,959,943,,8,17,,71,247,,7,48,
0.75,0.4,0.1,991,984,,940,632,,879,913,,1000,999,,53,227,,58,367,,983,978,,49,352,,0,3,,984,979,,983,979,,976,921,,11,37,,57,357,,14,72,
0.75,0.4,0.0,996,986,,909,491,,971,978,,1000,1000,,84,362,,89,504,,993,985,,87,496,,0,3,,993,988,,993,988,,980,862,,16,84,,88,499,,12,60,
0.75,0.3,0.6,982,,,919,,,0,,,6,,,48,,,71,,,926,,,1,,,0,,,929,,,27,,,919,,,7,,,65,,,2,,
0.75,0.3,0.5,991,,,926,,,2,,,122,,,54,,,67,,,952,,,9,,,0,,,952,,,282,,,939,,,5,,,66,,,1,,
0.75,0.3,0.4,991,981,,917,829,,49,74,,536,479,,57,75,,76,160,,952,931,,34,68,,1,1,,954,936,,748,707,,944,917,,6,12,,72,153,,1,10,
0.75,0.3,0.3,983,981,,928,807,,216,261,,908,855,,38,89,,65,181,,955,956,,43,148,,1,0,,956,960,,927,909,,952,943,,8,12,,63,181,,3,13,
0.75,0.3,0.2,988,979,,940,814,,458,524,,986,970,,46,115,,55,177,,971,959,,39,160,,0,2,,974,962,,969,956,,962,939,,6,16,,52,170,,4,25,
0.75,0.3,0.1,988,990,,945,769,,717,780,,997,997,,44,151,,54,230,,982,966,,45,218,,1,4,,984,966,,983,965,,973,937,,15,22,,51,219,,5,37,
0.75,0.3,0.0,993,989,,937,687,,898,937,,1000,1000,,58,242,,61,310,,991,977,,55,298,,3,1,,991,980,,991,980,,982,941,,8,32,,59,300,,11,52,
0.75,0.2,0.6,988,,,912,,,0,,,0,,,51,,,74,,,953,,,1,,,0,,,954,,,3,,,942,,,6,,,74,,,2,,
0.75,0.2,0.5,987,,,918,,,4,,,19,,,44,,,64,,,961,,,2,,,0,,,964,,,81,,,949,,,12,,,71,,,3,,
0.75,0.2,0.4,983,982,,906,830,,9,30,,241,191,,53,63,,77,154,,959,947,,13,39,,0,1,,962,951,,477,397,,949,936,,5,12,,79,146,,3,13,
0.75,0.2,0.3,990,983,,929,835,,82,103,,701,582,,46,69,,64,151,,961,938,,28,89,,1,2,,964,939,,843,765,,955,927,,10,9,,62,149,,5,5,
0.75,0.2,0.2,986,984,,925,816,,231,332,,928,910,,53,102,,67,173,,966,958,,52,137,,1,2,,969,961,,941,937,,954,938,,14,15,,68,165,,10,11,
0.75,0.2,0.1,994,988,,931,825,,480,553,,984,985,,45,104,,63,169,,974,971,,49,157,,0,1,,974,973,,969,971,,969,959,,10,13,,63,165,,8,16,
0.75,0.2,0.0,991,987,,943,800,,685,744,,996,994,,47,127,,55,195,,979,978,,46,186,,0,1,,981,978,,980,976,,975,960,,8,17,,52,194,,8,35,
0.75,0.1,0.6,989,,,938,,,0,,,0,,,37,,,50,,,957,,,1,,,0,,,958,,,2,,,949,,,3,,,56,,,2,,
0.75,0.1,0.5,989,,,933,,,0,,,4,,,41,,,58,,,955,,,0,,,0,,,955,,,14,,,947,,,9,,,58,,,0,,
0.75,0.1,0.4,986,984,,921,851,,1,5,,54,44,,52,71,,67,130,,959,943,,9,11,,1,0,,960,948,,155,133,,947,931,,16,12,,64,131,,1,5,
0.75,0.1,0.3,987,978,,931,826,,15,30,,300,222,,45,66,,59,153,,957,946,,17,57,,1,0,,958,947,,549,472,,946,927,,9,11,,59,160,,1,3,
0.75,0.1,0.2,990,977,,925,843,,78,129,,693,625,,49,67,,62,143,,966,950,,38,83,,0,3,,968,957,,838,792,,960,932,,15,14,,65,134,,4,9,
0.75,0.1,0.1,987,981,,922,829,,213,263,,915,914,,49,86,,70,160,,972,961,,47,132,,0,1,,974,964,,944,936,,968,947,,12,13,,69,153,,16,13,
0.75,0.1,0.0,994,983,,926,847,,407,508,,977,973,,54,76,,69,147,,979,965,,56,131,,2,1,,980,966,,975,959,,975,959,,9,9,,68,137,,3,14,
0.75,0.0,0.6,988,,,917,,,0,,,0,,,45,,,68,,,953,,,0,,,0,,,956,,,0,,,941,,,10,,,69,,,3,,
0.75,0.0,0.5,979,,,893,,,0,,,0,,,63,,,92,,,950,,,0,,,0,,,951,,,3,,,939,,,18,,,92,,,4,,
0.75,0.0,0.4,987,,,928,,,0,,,4,,,43,,,58,,,954,,,1,,,0,,,955,,,22,,,945,,,14,,,59,,,2,,
0.75,0.0,0.3,988,,,928,,,2,,,73,,,47,,,58,,,962,,,6,,,1,,,964,,,173,,,956,,,11,,,59,,,1,,
0.75,0.0,0.2,985,,,917,,,20,,,267,,,55,,,67,,,961,,,23,,,1,,,961,,,495,,,952,,,10,,,75,,,2,,
0.75,0.0,0.1,985,,,929,,,67,,,586,,,41,,,61,,,964,,,40,,,0,,,965,,,782,,,955,,,7,,,61,,,3,,
0.75,0.0,0.0,988,,,942,,,165,,,838,,,38,,,54,,,973,,,35,,,2,,,974,,,924,,,968,,,11,,,53,,,6,,
